<?xml version="1.0" encoding="UTF-8"?>
<transportMissions>

    <mission name="WATER" npcName="NPC_DE_16">

        <pickupTrigger index="TRANSPORT02" title="$l10n_station_port02" /> <!-- Port Northwest -->
        <pickupTrigger index="TRANSPORT03" title="$l10n_station_grainSiloRailroad02" /> <!-- Railroad Silo West -->
        <pickupTrigger index="TRANSPORT04" title="$l10n_station_transportCompany" /> <!-- Transport Company -->
        <pickupTrigger index="TRANSPORT07" title="$l10n_station_supermarket" /> <!-- Supermarket -->
        <pickupTrigger index="TRANSPORT09" title="$l10n_station_port01" /> <!-- Port Southeast -->

        <dropoffTrigger index="TRANSPORT01" title="$l10n_station_farmerHans" /> <!-- Farmer Hans -->
        <dropoffTrigger index="TRANSPORT05" title="$l10n_station_castleHotel" rewardScale="1.5" /> <!-- Castle Hotel -->
        <dropoffTrigger index="TRANSPORT06" title="$l10n_station_ranch" /> <!-- Ranch -->
        <dropoffTrigger index="TRANSPORT08" title="$l10n_station_villageSawmill"  /> <!-- Village Sawmill -->
        <dropoffTrigger index="TRANSPORT10" title="$l10n_station_carpentry" /> <!-- Carpentry -->
        <dropoffTrigger index="TRANSPORT11" title="$l10n_station_gasStation" /> <!-- Gas Station -->
        <dropoffTrigger index="TRANSPORT12" title="$l10n_station_guesthouse" /> <!-- Guest House -->

        <object filename="$data/objects/pallets/missions/transportPalletBottles.i3d" min="1" max="1" size="1.8 0.9 1.4" offset="-0.9 0 -0.7" title="Bottles Pallet" />
    </mission>

    <mission name="HOTEL DELIVERY" rewardScale="2.0" npcName="NPC_DE_06">

        <pickupTrigger index="TRANSPORT01" title="$l10n_station_farmerHans" /> <!-- Farmer Hans -->
        <pickupTrigger index="TRANSPORT02" title="$l10n_station_port02" rewardScale="1.6" /> <!-- Port Northwest -->
        <pickupTrigger index="TRANSPORT03" title="$l10n_station_grainSiloRailroad02" /> <!-- Railroad Silo West -->
        <pickupTrigger index="TRANSPORT04" title="$l10n_station_transportCompany" /> <!-- Transport Company -->
        <pickupTrigger index="TRANSPORT06" title="$l10n_station_ranch" /> <!-- Ranch -->
        <pickupTrigger index="TRANSPORT07" title="$l10n_station_supermarket" /> <!-- Supermarket -->
        <pickupTrigger index="TRANSPORT08" title="$l10n_station_villageSawmill" /> <!-- Village Sawmill -->
        <pickupTrigger index="TRANSPORT09" title="$l10n_station_port01" rewardScale="1.6" /> <!-- Port Southeast -->
        <pickupTrigger index="TRANSPORT10" title="$l10n_station_carpentry" rewardScale="1.4" /> <!-- Carpentry -->
        <pickupTrigger index="TRANSPORT11" title="$l10n_station_gasStation" rewardScale="1.4" /> <!-- Gas Station -->
        <pickupTrigger index="TRANSPORT12" title="$l10n_station_guesthouse" rewardScale="1.4" /> <!-- Guest House -->

        <dropoffTrigger index="TRANSPORT05" title="$l10n_station_castleHotel" /> <!-- Castle Hotel -->

        <object filename="$data/objects/pallets/missions/transportPalletCrates.i3d" min="1" max="2" size="1.8 0.9 1.4" offset="-0.9 0 -0.7" title="Crates Pallet" />
        <object filename="$data/objects/pallets/missions/transportPalletWhiteBoxes.i3d" min="1" max="2" size="1.8 0.9 1.4" offset="-0.9 0 -0.7" title="White Boxes Pallet" />
    </mission>
    
    <mission name="LUGGAGE HOTEL" rewardScale="2.0" npcName="NPC_DE_06">

        <pickupTrigger index="TRANSPORT01" title="$l10n_station_farmerHans" /> <!-- Farmer Hans -->
        <pickupTrigger index="TRANSPORT02" title="$l10n_station_port02" rewardScale="1.6" /> <!-- Port Northwest -->
        <pickupTrigger index="TRANSPORT03" title="$l10n_station_grainSiloRailroad02" /> <!-- Railroad Silo West -->
        <pickupTrigger index="TRANSPORT04" title="$l10n_station_transportCompany" /> <!-- Transport Company -->
        <pickupTrigger index="TRANSPORT06" title="$l10n_station_ranch" /> <!-- Ranch -->
        <pickupTrigger index="TRANSPORT07" title="$l10n_station_supermarket" /> <!-- Supermarket -->
        <pickupTrigger index="TRANSPORT08" title="$l10n_station_villageSawmill" /> <!-- Village Sawmill -->
        <pickupTrigger index="TRANSPORT09" title="$l10n_station_port01" rewardScale="1.6" /> <!-- Port Southeast -->
        <pickupTrigger index="TRANSPORT10" title="$l10n_station_carpentry" rewardScale="1.4" /> <!-- Carpentry -->
        <pickupTrigger index="TRANSPORT11" title="$l10n_station_gasStation" rewardScale="1.4" /> <!-- Gas Station -->
        <pickupTrigger index="TRANSPORT12" title="$l10n_station_guesthouse" rewardScale="1.4" /> <!-- Guest House -->

        <dropoffTrigger index="TRANSPORT05" title="$l10n_station_castleHotel" /> <!-- Castle Hotel -->

        <object filename="$data/objects/pallets/missions/transportPalletSuitcases.i3d" min="1" max="2" size="1.8 0.9 1.4" offset="-0.9 0 -0.7" title="Suitcases Pallet" />
    </mission>

    <mission name="CRATES" rewardScale="2.0" npcName="NPC_DE_10">

        <pickupTrigger index="TRANSPORT01" title="$l10n_station_farmerHans" /> <!-- Farmer Hans -->
        <pickupTrigger index="TRANSPORT02" title="$l10n_station_port02" /> <!-- Port Northwest -->
        <pickupTrigger index="TRANSPORT03" title="$l10n_station_grainSiloRailroad02" /> <!-- Railroad Silo West -->
        <pickupTrigger index="TRANSPORT04" title="$l10n_station_transportCompany" /> <!-- Transport Company -->
        <pickupTrigger index="TRANSPORT05" title="$l10n_station_castleHotel" /> <!-- Castle Hotel -->
        <pickupTrigger index="TRANSPORT06" title="$l10n_station_ranch" /> <!-- Ranch -->
        <pickupTrigger index="TRANSPORT07" title="$l10n_station_supermarket" /> <!-- Supermarket -->
        <pickupTrigger index="TRANSPORT08" title="$l10n_station_villageSawmill" /> <!-- Village Sawmill -->
        <pickupTrigger index="TRANSPORT09" title="$l10n_station_port01" /> <!-- Port Southeast -->
        <pickupTrigger index="TRANSPORT10" title="$l10n_station_carpentry" /> <!-- Carpentry -->
        <pickupTrigger index="TRANSPORT11" title="$l10n_station_gasStation" /> <!-- Gas Station -->
        <pickupTrigger index="TRANSPORT12" title="$l10n_station_guesthouse" /> <!-- Guest House -->

        <dropoffTrigger index="TRANSPORT01" title="$l10n_station_farmerHans" /> <!-- Farmer Hans -->
        <dropoffTrigger index="TRANSPORT02" title="$l10n_station_port02" /> <!-- Port Northwest -->
        <dropoffTrigger index="TRANSPORT03" title="$l10n_station_grainSiloRailroad02" /> <!-- Railroad Silo West -->
        <dropoffTrigger index="TRANSPORT04" title="$l10n_station_transportCompany" /> <!-- Transport Company -->
        <dropoffTrigger index="TRANSPORT05" title="$l10n_station_castleHotel" rewardScale="1.5" /> <!-- Castle Hotel -->
        <dropoffTrigger index="TRANSPORT06" title="$l10n_station_ranch" /> <!-- Ranch -->
        <dropoffTrigger index="TRANSPORT07" title="$l10n_station_supermarket" /> <!-- Supermarket -->
        <dropoffTrigger index="TRANSPORT08" title="$l10n_station_villageSawmill" /> <!-- Village Sawmill -->
        <dropoffTrigger index="TRANSPORT09" title="$l10n_station_port01" /> <!-- Port Southeast -->
        <dropoffTrigger index="TRANSPORT10" title="$l10n_station_carpentry" /> <!-- Carpentry -->
        <dropoffTrigger index="TRANSPORT11" title="$l10n_station_gasStation" /> <!-- Gas Station -->
        <dropoffTrigger index="TRANSPORT12" title="$l10n_station_guesthouse" /> <!-- Guest House -->

        <object filename="$data/objects/pallets/missions/transportPalletCrates.i3d" min="1" max="2" size="1.8 0.9 1.4" offset="-0.9 0 -0.7" title="Crates Pallet"/>
    </mission>
</transportMissions>
