﻿<?xml version="1.0" encoding="utf-8" standalone="no" ?>
<map>
    <farmlands densityMapFilename="maps/mapDE/mapDE_farmland.grle" numChannels="6" pricePerHa="60000">
        <farmland id="1"  priceScale="1" npcName="NPC_DE_01" />
        <farmland id="2"  priceScale="1" npcName="NPC_DE_01" />
        <farmland id="3"  priceScale="1" npcName="NPC_DE_02" />
        <farmland id="4"  priceScale="1" npcName="NPC_DE_03" />
        <farmland id="5"  priceScale="0.6" npcName="NPC_DE_04" /><!-- very big but pretty useless terrain -->
        <farmland id="6"  priceScale="0.5" npcName="NPC_DE_05" /> <!-- very big but pretty useless terrain -->
        <farmland id="7"  priceScale="1" npcName="NPC_DE_05" />
        <farmland id="8"  priceScale="1" npcName="NPC_DE_03" />
        <farmland id="9"  priceScale="1" npcName="NPC_DE_10" />
        <farmland id="10" priceScale="1" npcName="NPC_DE_06" />
        <farmland id="11" priceScale="1" npcName="NPC_DE_06" />
        <farmland id="12" priceScale="1" npcName="NPC_DE_06" />
        <farmland id="13" priceScale="1" npcName="NPC_DE_07" />
        <farmland id="14" priceScale="1" npcName="NPC_DE_07" />
        <farmland id="15" priceScale="1" npcName="NPC_DE_07" />
        <farmland id="16" priceScale="0.5" npcName="NPC_DE_08" /> <!-- lots of rocks, very small usable land, has trees -->
        <farmland id="17" priceScale="0.5" npcName="NPC_DE_08" /> <!-- lots of rocks, very small usable land, has trees -->
        <farmland id="18" priceScale="1" npcName="NPC_DE_09" />
        <farmland id="19" priceScale="1" npcName="NPC_DE_09" />
        <farmland id="20" priceScale="1" npcName="NPC_DE_09" />
        <farmland id="21" priceScale="1" npcName="NPC_DE_10" />
        <farmland id="22" priceScale="1" npcName="NPC_DE_10" />
        <farmland id="23" priceScale="1" npcName="NPC_DE_11" />
        <farmland id="24" priceScale="1" npcName="NPC_DE_11" />
        <farmland id="25" priceScale="1" npcName="NPC_DE_12" />
        <farmland id="26" priceScale="1" npcName="NPC_DE_12" />
        <farmland id="27" priceScale="1" npcName="NPC_DE_12" />
        <farmland id="28" priceScale="1" npcName="NPC_DE_13" />
        <farmland id="29" priceScale="1" npcName="NPC_DE_13" />
        <farmland id="30" priceScale="1" npcName="NPC_DE_13" defaultFarmProperty="true" />
        <farmland id="31" priceScale="1" npcName="NPC_DE_14" defaultFarmProperty="true" />
        <farmland id="32" priceScale="1" npcName="NPC_DE_14" />
        <farmland id="33" priceScale="1" npcName="NPC_DE_14" />
        <farmland id="34" priceScale="1" npcName="NPC_DE_14" />
        <farmland id="35" priceScale="1" npcName="NPC_DE_14" />
        <farmland id="36" priceScale="1" npcName="NPC_DE_14" />
        <farmland id="37" priceScale="1" npcName="NPC_DE_15" />
        <farmland id="38" priceScale="1" npcName="NPC_DE_15" />
        <farmland id="39" priceScale="1" npcName="NPC_DE_16" />
        <farmland id="40" priceScale="1" npcName="NPC_DE_15" />
        <farmland id="41" priceScale="1" npcName="NPC_DE_16" />
        <farmland id="42" priceScale="1" npcName="NPC_DE_16" />
        <farmland id="43" priceScale="1" npcName="NPC_DE_18" />
        <farmland id="44" priceScale="1" npcName="NPC_DE_18" />
        <farmland id="45" priceScale="1" npcName="NPC_DE_17" />
        <farmland id="46" priceScale="1" npcName="NPC_DE_18" />
        <farmland id="47" priceScale="1" npcName="NPC_DE_18" />
        <farmland id="48" priceScale="0.3" npcName="NPC_DE_19" /> <!-- town1, grass/trees -->
        <farmland id="49" priceScale="0.3" npcName="NPC_DE_20" /> <!-- town2, grass/trees -->
        <farmland id="50" priceScale="0.3" npcName="NPC_DE_20" /> <!-- town 3 -->
        <farmland id="51" priceScale="1" npcName="NPC_DE_20" />
        <farmland id="52" priceScale="4" npcName="NPC_DE_20" /> <!-- mountain, small field, castle -->
        <farmland id="53" priceScale="1" npcName="NPC_DE_20" /> <!-- forest -->
        <farmland id="54" priceScale="1" npcName="NPC_DE_20" /> <!-- forest -->
    </farmlands>
</map>
